{"vals": [false, false, false, false, false, false, false, false, false, false, false, false, false, false, false, false, true, false, false, false, false, false, false, false, false, false, false, false, false, false, false, false, true, false, false, true, false, false, false, false, false, false, false, false, false, false, false, false, false, false, false, false, false, false, false, false, false, false, false, true, false, false, false, false, false, false, false, false, false, false, false, false, false, false, false, false, false, false, false, false, false, false, false, false, false, false, false, true, false, false, false, false, false, false, false, false, false, false, false, false], "bounces": [6, 8, 7, 6, 6, 7, 7, 5, 8, 8, 8, 8, 8, 8, 8, 7, 5, 8, 7, 7, 7, 6, 6, 5, 5, 5, 6, 6, 8, 9, 6, 4, 2, 11, 10, 3, 9, 9, 9, 10, 9, 9, 8, 8, 8, 9, 6, 6, 6, 7, 7, 8, 8, 8, 8, 7, 9, 9, 9, 9, 7, 8, 8, 9, 8, 8, 9, 9, 8, 7, 7, 7, 6, 7, 5, 5, 5, 6, 6, 7, 7, 6, 8, 8, 7, 8, 4, 7, 6, 8, 8, 9, 8, 6, 7, 6, 7, 7, 6, 6], "dists": [3005.9999999999627, 3005.9999999999627, 3005.9999999999627, 3005.9999999999627, 3005.9999999999627, 3005.9999999999627, 2381.9999999999754, 1967.9999999999845, 3005.9999999999627, 3005.9999999999627, 3005.9999999999627, 3005.9999999999627, 3005.9999999999627, 3005.9999999999627, 3005.9999999999627, 3005.9999999999627, 2537.9999999999727, 3005.9999999999627, 3005.9999999999627, 3005.9999999999627, 3005.9999999999627, 3005.9999999999627, 3005.9999999999627, 3005.9999999999627, 3005.9999999999627, 3005.9999999999627, 3005.9999999999627, 3005.9999999999627, 3005.9999999999627, 3005.9999999999627, 1589.9999999999925, 1475.999999999995, 1283.999999999999, 3005.9999999999627, 3005.9999999999627, 1313.9999999999984, 3005.9999999999627, 3005.9999999999627, 3005.9999999999627, 3005.9999999999627, 3005.9999999999627, 3005.9999999999627, 3005.9999999999627, 3005.9999999999627, 2519.9999999999727, 3005.9999999999627, 3005.9999999999627, 3005.9999999999627, 3005.9999999999627, 3005.9999999999627, 3005.9999999999627, 3005.9999999999627, 3005.9999999999627, 3005.9999999999627, 3005.9999999999627, 3005.9999999999627, 3005.9999999999627, 3005.9999999999627, 3005.9999999999627, 2855.999999999966, 2441.9999999999745, 2567.999999999972, 3005.9999999999627, 3005.9999999999627, 3005.9999999999627, 3005.9999999999627, 3005.9999999999627, 3005.9999999999627, 3005.9999999999627, 3005.9999999999627, 3005.9999999999627, 3005.9999999999627, 3005.9999999999627, 3005.9999999999627, 3005.9999999999627, 3005.9999999999627, 3005.9999999999627, 3005.9999999999627, 3005.9999999999627, 3005.9999999999627, 3005.9999999999627, 3005.9999999999627, 3005.9999999999627, 3005.9999999999627, 3005.9999999999627, 3005.9999999999627, 1967.9999999999845, 2399.9999999999754, 2303.9999999999773, 3005.9999999999627, 3005.9999999999627, 3005.9999999999627, 3005.9999999999627, 3005.9999999999627, 3005.9999999999627, 3005.9999999999627, 3005.9999999999627, 3005.9999999999627, 3005.9999999999627, 3005.9999999999627]}