{"vals": [false, false, false, false, false, true, true, true, true, true, true, true, true, true, true, true, true, false, true, true, true, true, true, true, true, true, true, true, true, true, true, true, true, true, true, true, true, true, true, true, true, false, true, true, true, true, false, false, false, false, false, true, true, true, true, true, true, true, true, true, true, true, true, true, true, true, true, true, true, true, true, true, true, true, true, true, true, true, true, true, true, true, true, true, true, true, true, true, true, true, false, false, true, true, true, true, true, true, false, false], "bounces": [4, 4, 5, 4, 4, 4, 3, 3, 3, 3, 2, 2, 2, 2, 2, 2, 2, 1, 1, 1, 1, 1, 1, 1, 1, 1, 1, 1, 1, 1, 1, 1, 1, 1, 2, 2, 2, 2, 2, 2, 2, 2, 3, 3, 4, 4, 4, 4, 4, 3, 3, 3, 2, 1, 1, 1, 1, 1, 0, 0, 0, 0, 0, 0, 0, 0, 0, 0, 0, 0, 0, 0, 0, 0, 0, 0, 0, 0, 0, 0, 0, 0, 0, 0, 0, 0, 0, 0, 0, 0, 0, 1, 1, 1, 1, 1, 2, 2, 3, 4], "dists": [3005.9999999999627, 3005.9999999999627, 3005.9999999999627, 3005.9999999999627, 3005.9999999999627, 2669.9999999999695, 2243.9999999999786, 1937.999999999985, 1709.99999999999, 1547.9999999999934, 1403.9999999999964, 1295.9999999999989, 1212.0000000000005, 1140.000000000001, 1080.000000000001, 1032.0000000000007, 978.0000000000007, 948.0000000000007, 924.0000000000007, 894.0000000000007, 876.0000000000007, 870.0000000000007, 852.0000000000006, 840.0000000000006, 840.0000000000006, 834.0000000000006, 840.0000000000006, 852.0000000000006, 852.0000000000006, 870.0000000000007, 888.0000000000007, 906.0000000000007, 942.0000000000007, 960.0000000000007, 1008.0000000000008, 1050.000000000001, 1104.000000000001, 1176.000000000001, 1247.9999999999998, 1349.9999999999975, 1475.999999999995, 1619.9999999999918, 1817.9999999999877, 2081.999999999982, 2435.9999999999745, 2951.9999999999636, 3005.9999999999627, 3005.9999999999627, 3005.9999999999627, 3005.9999999999627, 3005.9999999999627, 2843.999999999966, 1709.99999999999, 1230.0000000000002, 960.0000000000007, 792.0000000000006, 678.0000000000005, 594.0000000000003, 528.0000000000003, 480.0000000000003, 438.0000000000002, 408.0000000000002, 384.0000000000002, 360.00000000000017, 342.00000000000017, 330.00000000000017, 312.00000000000017, 306.0000000000001, 294.00000000000017, 288.00000000000017, 282.00000000000017, 276.00000000000017, 276.00000000000017, 276.00000000000017, 276.00000000000017, 276.00000000000017, 276.00000000000017, 276.00000000000017, 282.00000000000017, 288.00000000000017, 294.00000000000017, 300.0000000000001, 312.00000000000017, 318.00000000000017, 336.00000000000017, 348.00000000000017, 372.00000000000017, 396.0000000000002, 426.0000000000002, 456.0000000000003, 504.00000000000034, 558.0000000000003, 630.0000000000005, 732.0000000000006, 870.0000000000007, 1080.000000000001, 1427.999999999996, 2135.999999999981, 3005.9999999999627, 3005.9999999999627]}