{"vals": [false, false, false, false, false, false, false, false, false, false, false, false, false, false, false, false, false, false, false, false, false, false, false, false, false, false, false, false, false, false, false, false, false, false, false, false, false, false, false, false, true, false, false, false, false, false, false, false, false, false, false, false, false, false, false, false, false, false, false, false, false, false, false, false, false, false, false, false, false, false, false, false, false, false, false, false, false, false, false, false, false, false, false, false, false, false, false, false, false, false, false, false, false, false, false, false, false, false, false, false], "bounces": [0, 0, 0, 0, 0, 0, 0, 0, 0, 0, 0, 0, 0, 0, 0, 0, 0, 0, 0, 0, 0, 0, 0, 0, 0, 0, 0, 0, 0, 0, 0, 0, 0, 0, 0, 0, 0, 0, 0, 0, 0, 0, 0, 0, 0, 0, 0, 0, 0, 0, 0, 0, 0, 0, 0, 0, 0, 0, 0, 0, 0, 0, 0, 0, 0, 0, 0, 0, 0, 0, 0, 0, 0, 0, 0, 0, 0, 0, 0, 0, 0, 0, 0, 0, 0, 0, 0, 0, 0, 0, 0, 0, 0, 0, 0, 0, 0, 0, 0, 0], "dists": [96.0, 96.0, 96.0, 96.0, 96.0, 96.0, 102.00000000000001, 102.00000000000001, 108.00000000000001, 108.00000000000001, 114.00000000000001, 120.00000000000003, 126.00000000000003, 138.00000000000003, 144.00000000000006, 156.00000000000003, 174.00000000000006, 192.00000000000006, 222.00000000000009, 258.0000000000001, 306.0000000000001, 384.0000000000002, 522.0000000000003, 528.0000000000003, 522.0000000000003, 522.0000000000003, 522.0000000000003, 528.0000000000003, 534.0000000000003, 540.0000000000003, 552.0000000000003, 564.0000000000003, 582.0000000000003, 606.0000000000005, 630.0000000000005, 654.0000000000005, 690.0000000000005, 732.0000000000006, 780.0000000000006, 846.0000000000006, 918.0000000000007, 996.0000000000008, 960.0000000000007, 930.0000000000007, 906.0000000000007, 888.0000000000007, 876.0000000000007, 864.0000000000007, 858.0000000000007, 852.0000000000006, 636.0000000000005, 216.00000000000009, 132.00000000000003, 96.0, 71.99999999999999, 59.99999999999999, 54.0, 48.0, 42.00000000000001, 36.0, 36.0, 30.0, 30.0, 30.0, 30.0, 30.0, 24.0, 24.0, 24.0, 24.0, 24.0, 24.0, 24.0, 24.0, 24.0, 24.0, 24.0, 24.0, 24.0, 24.0, 24.0, 24.0, 24.0, 24.0, 30.0, 30.0, 30.0, 30.0, 36.0, 36.0, 42.00000000000001, 42.00000000000001, 48.0, 54.0, 65.99999999999999, 83.99999999999999, 96.0, 96.0, 96.0, 96.0]}