{"vals": [false, false, false, false, true, false, false, false, true, true, false, false, false, false, false, false, true, false, true, false, false, false, false, false, false, false, false, false, false, false, false, false, true, true, true, true, true, true, false, true, false, true, true, false, false, false, false, false, false, false, false, false, false, false, false, false, false, true, true, false, false, true, true, false, false, false, true, false, true, false, false, false, false, false, false, false, false, false, false, false, false, false, false, false, false, true, true, false, true, true, false, false, false, false, false, false, false, false, false, false], "bounces": [18, 16, 14, 18, 8, 16, 15, 10, 8, 6, 15, 17, 16, 10, 18, 22, 12, 16, 9, 16, 18, 16, 13, 16, 15, 14, 17, 12, 17, 17, 14, 10, 9, 7, 5, 5, 7, 7, 7, 7, 14, 7, 7, 10, 12, 17, 14, 17, 11, 20, 19, 14, 17, 15, 17, 16, 17, 10, 8, 9, 19, 11, 16, 20, 22, 16, 8, 9, 10, 15, 15, 17, 16, 18, 14, 15, 16, 17, 16, 17, 15, 19, 15, 18, 16, 11, 7, 17, 10, 7, 12, 16, 22, 13, 18, 17, 19, 22, 19, 18], "dists": [3005.9999999999627, 3005.9999999999627, 3005.9999999999627, 3005.9999999999627, 2213.999999999979, 3005.9999999999627, 3005.9999999999627, 2549.9999999999723, 2081.999999999982, 1877.9999999999864, 3005.9999999999627, 3005.9999999999627, 3005.9999999999627, 2129.999999999981, 3005.9999999999627, 3005.9999999999627, 2747.999999999968, 3005.9999999999627, 2261.999999999978, 3005.9999999999627, 3005.9999999999627, 3005.9999999999627, 3005.9999999999627, 3005.9999999999627, 3005.9999999999627, 3005.9999999999627, 3005.9999999999627, 3005.9999999999627, 3005.9999999999627, 3005.9999999999627, 3005.9999999999627, 2249.9999999999786, 2393.9999999999754, 2189.9999999999795, 1781.9999999999884, 1961.9999999999845, 1949.9999999999848, 2015.9999999999834, 1889.9999999999861, 1901.999999999986, 3005.9999999999627, 2033.999999999983, 1973.9999999999843, 2153.9999999999804, 2645.9999999999704, 3005.9999999999627, 3005.9999999999627, 3005.9999999999627, 3005.9999999999627, 3005.9999999999627, 3005.9999999999627, 3005.9999999999627, 3005.9999999999627, 3005.9999999999627, 3005.9999999999627, 3005.9999999999627, 3005.9999999999627, 2237.9999999999786, 2033.999999999983, 1889.9999999999861, 3005.9999999999627, 2411.9999999999754, 2951.9999999999636, 3005.9999999999627, 3005.9999999999627, 3005.9999999999627, 2261.999999999978, 2669.9999999999695, 2219.999999999979, 3005.9999999999627, 3005.9999999999627, 3005.9999999999627, 3005.9999999999627, 3005.9999999999627, 3005.9999999999627, 3005.9999999999627, 3005.9999999999627, 3005.9999999999627, 3005.9999999999627, 3005.9999999999627, 3005.9999999999627, 3005.9999999999627, 3005.9999999999627, 3005.9999999999627, 3005.9999999999627, 2291.9999999999777, 1985.999999999984, 3005.9999999999627, 2117.9999999999814, 1949.9999999999848, 2471.999999999974, 3005.9999999999627, 3005.9999999999627, 3005.9999999999627, 3005.9999999999627, 3005.9999999999627, 3005.9999999999627, 3005.9999999999627, 3005.9999999999627, 3005.9999999999627]}