{"vals": [false, false, false, false, false, false, false, false, false, false, false, false, false, false, false, false, false, false, false, false, false, false, false, false, false, false, false, false, false, false, false, false, false, false, false, false, false, false, false, false, false, false, false, false, false, false, false, false, false, false, false, false, false, false, false, false, true, false, false, false, false, false, false, false, false, false, false, false, false, false, false, false, false, false, false, false, false, false, false, false, false, false, false, false, false, false, false, false, false, false, true, false, false, false, false, false, false, false, false, false], "bounces": [3, 4, 4, 5, 5, 6, 5, 6, 7, 6, 7, 5, 8, 8, 8, 8, 2, 1, 1, 6, 8, 3, 3, 5, 8, 8, 9, 8, 6, 9, 4, 5, 9, 9, 9, 2, 3, 5, 9, 6, 8, 7, 7, 6, 6, 5, 6, 4, 5, 4, 4, 5, 4, 5, 5, 3, 3, 7, 7, 7, 8, 9, 7, 8, 9, 8, 4, 3, 3, 9, 5, 7, 9, 9, 8, 8, 6, 4, 2, 2, 3, 9, 8, 8, 8, 8, 6, 8, 0, 1, 1, 2, 2, 6, 6, 5, 5, 3, 4, 3], "dists": [3005.9999999999627, 3005.9999999999627, 3005.9999999999627, 3005.9999999999627, 3005.9999999999627, 3005.9999999999627, 3005.9999999999627, 3005.9999999999627, 2993.9999999999627, 3005.9999999999627, 3005.9999999999627, 2267.999999999978, 3005.9999999999627, 3005.9999999999627, 3005.9999999999627, 3005.9999999999627, 870.0000000000007, 840.0000000000006, 804.0000000000006, 1757.9999999999889, 3005.9999999999627, 1499.9999999999943, 1493.9999999999945, 2237.9999999999786, 3005.9999999999627, 3005.9999999999627, 3005.9999999999627, 2981.999999999963, 2237.9999999999786, 3005.9999999999627, 1547.9999999999934, 1595.9999999999923, 3005.9999999999627, 3005.9999999999627, 3005.9999999999627, 924.0000000000007, 972.0000000000007, 1883.9999999999861, 3005.9999999999627, 2363.999999999976, 3005.9999999999627, 3005.9999999999627, 3005.9999999999627, 3005.9999999999627, 3005.9999999999627, 3005.9999999999627, 3005.9999999999627, 3005.9999999999627, 3005.9999999999627, 3005.9999999999627, 3005.9999999999627, 3005.9999999999627, 3005.9999999999627, 3005.9999999999627, 3005.9999999999627, 1086.000000000001, 900.0000000000007, 3005.9999999999627, 3005.9999999999627, 3005.9999999999627, 3005.9999999999627, 3005.9999999999627, 2585.9999999999714, 3005.9999999999627, 3005.9999999999627, 3005.9999999999627, 1271.9999999999993, 1230.0000000000002, 1194.000000000001, 3005.9999999999627, 1919.9999999999854, 2609.999999999971, 3005.9999999999627, 3005.9999999999627, 3005.9999999999627, 3005.9999999999627, 2609.999999999971, 1865.9999999999866, 1128.000000000001, 1158.000000000001, 1194.000000000001, 3005.9999999999627, 3005.9999999999627, 3005.9999999999627, 3005.9999999999627, 3005.9999999999627, 2471.999999999974, 3005.9999999999627, 576.0000000000003, 630.0000000000005, 690.0000000000005, 696.0000000000005, 1361.9999999999973, 2939.999999999964, 3005.9999999999627, 3005.9999999999627, 3005.9999999999627, 3005.9999999999627, 3005.9999999999627, 3005.9999999999627]}