{"vals": [false, false, false, false, false, true, false, false, false, false, true, true, true, true, true, true, true, true, false, false, true, false, false, false, false, false, false, false, false, false, false, true, false, false, true, true, false, true, true, false, true, true, false, false, false, false, false, false, false, false, false, true, false, false, true, false, false, false, false, false, true, true, true, true, true, false, false, false, false, true, false, false, false, false, false, false, false, false, false, true, true, false, false, true, false, false, true, true, true, true, true, true, false, true, true, true, false, false, true, false], "bounces": [7, 8, 7, 8, 7, 6, 11, 9, 12, 12, 7, 7, 10, 3, 2, 2, 4, 9, 12, 14, 8, 13, 10, 12, 12, 12, 12, 12, 13, 13, 13, 9, 13, 14, 7, 5, 14, 9, 10, 10, 6, 4, 4, 4, 13, 6, 8, 7, 10, 8, 6, 8, 7, 5, 5, 3, 8, 8, 13, 12, 9, 11, 5, 4, 6, 13, 14, 10, 13, 10, 13, 12, 12, 12, 11, 11, 12, 10, 13, 5, 3, 13, 13, 9, 13, 13, 4, 1, 2, 2, 2, 2, 2, 4, 4, 4, 6, 5, 7, 7], "dists": [3005.9999999999627, 3005.9999999999627, 3005.9999999999627, 3005.9999999999627, 3005.9999999999627, 2405.9999999999754, 3005.9999999999627, 3005.9999999999627, 3005.9999999999627, 3005.9999999999627, 2405.9999999999754, 2207.9999999999795, 2855.999999999966, 1224.0000000000002, 1164.000000000001, 1104.000000000001, 1337.999999999998, 1889.9999999999861, 3005.9999999999627, 3005.9999999999627, 2219.999999999979, 3005.9999999999627, 3005.9999999999627, 3005.9999999999627, 3005.9999999999627, 3005.9999999999627, 3005.9999999999627, 3005.9999999999627, 3005.9999999999627, 3005.9999999999627, 3005.9999999999627, 2381.9999999999754, 3005.9999999999627, 3005.9999999999627, 1997.9999999999839, 1787.9999999999882, 3005.9999999999627, 2753.999999999968, 2897.999999999965, 3005.9999999999627, 1973.9999999999843, 1745.999999999989, 1961.9999999999845, 2231.9999999999786, 3005.9999999999627, 3005.9999999999627, 3005.9999999999627, 3005.9999999999627, 3005.9999999999627, 3005.9999999999627, 3005.9999999999627, 2765.9999999999677, 3005.9999999999627, 3005.9999999999627, 2597.9999999999714, 2141.999999999981, 3005.9999999999627, 3005.9999999999627, 3005.9999999999627, 3005.9999999999627, 2891.999999999965, 2993.9999999999627, 1781.9999999999884, 1667.999999999991, 1871.9999999999866, 3005.9999999999627, 3005.9999999999627, 3005.9999999999627, 3005.9999999999627, 2711.9999999999686, 3005.9999999999627, 3005.9999999999627, 3005.9999999999627, 3005.9999999999627, 3005.9999999999627, 3005.9999999999627, 3005.9999999999627, 3005.9999999999627, 3005.9999999999627, 1565.999999999993, 1367.9999999999973, 3005.9999999999627, 3005.9999999999627, 2741.999999999968, 3005.9999999999627, 3005.9999999999627, 1307.9999999999984, 1068.000000000001, 1140.000000000001, 1236.0, 1361.9999999999973, 1505.9999999999943, 1703.99999999999, 1967.9999999999845, 2351.9999999999764, 1188.000000000001, 3005.9999999999627, 3005.9999999999627, 2831.9999999999663, 3005.9999999999627]}