{"vals": [false, false, false, false, false, false, false, false, false, false, false, false, false, false, false, false, false, false, false, false, false, false, false, false, false, false, false, false, false, false, false, false, false, false, false, false, false, false, false, false, false, false, false, false, false, false, false, false, false, false, false, false, false, false, false, false, false, true, true, true, true, true, false, false, false, false, false, false, false, false, false, false, false, false, false, false, false, false, false, false, false, false, false, false, false, false, false, true, true, true, true, true, true, false, false, false, true, false, false, false], "bounces": [3, 3, 1, 1, 1, 1, 0, 0, 0, 0, 0, 0, 0, 0, 0, 0, 0, 0, 0, 0, 0, 0, 0, 0, 0, 0, 0, 0, 0, 0, 0, 0, 0, 0, 0, 0, 0, 0, 0, 0, 0, 0, 0, 0, 0, 1, 1, 1, 2, 3, 3, 4, 4, 4, 4, 3, 4, 1, 1, 1, 0, 0, 2, 2, 2, 2, 1, 1, 1, 1, 1, 1, 1, 1, 1, 1, 1, 1, 1, 1, 1, 1, 1, 1, 2, 2, 2, 0, 0, 1, 1, 1, 2, 3, 3, 4, 4, 4, 3, 3], "dists": [3005.9999999999627, 2681.9999999999695, 1343.9999999999977, 900.0000000000007, 678.0000000000005, 546.0000000000003, 462.0000000000003, 396.0000000000002, 354.00000000000017, 318.00000000000017, 288.00000000000017, 270.0000000000001, 252.0000000000001, 234.0000000000001, 222.00000000000009, 210.00000000000009, 204.00000000000009, 198.00000000000009, 192.00000000000006, 186.00000000000006, 180.00000000000006, 180.00000000000006, 174.00000000000006, 174.00000000000006, 174.00000000000006, 174.00000000000006, 174.00000000000006, 174.00000000000006, 174.00000000000006, 180.00000000000006, 180.00000000000006, 186.00000000000006, 192.00000000000006, 198.00000000000009, 210.00000000000009, 216.00000000000009, 228.0000000000001, 240.0000000000001, 258.0000000000001, 276.00000000000017, 300.0000000000001, 336.00000000000017, 372.00000000000017, 426.0000000000002, 498.0000000000003, 606.0000000000005, 774.0000000000006, 1080.000000000001, 1793.9999999999882, 3005.9999999999627, 3005.9999999999627, 3005.9999999999627, 3005.9999999999627, 3005.9999999999627, 2597.9999999999714, 2141.999999999981, 2141.999999999981, 810.0000000000006, 726.0000000000005, 654.0000000000005, 600.0000000000005, 558.0000000000003, 1032.0000000000007, 972.0000000000007, 924.0000000000007, 888.0000000000007, 846.0000000000006, 828.0000000000006, 798.0000000000006, 780.0000000000006, 768.0000000000006, 750.0000000000006, 750.0000000000006, 738.0000000000006, 738.0000000000006, 738.0000000000006, 738.0000000000006, 750.0000000000006, 768.0000000000006, 768.0000000000006, 786.0000000000006, 816.0000000000006, 834.0000000000006, 864.0000000000007, 906.0000000000007, 954.0000000000007, 1002.0000000000008, 540.0000000000003, 576.0000000000003, 630.0000000000005, 690.0000000000005, 762.0000000000006, 864.0000000000007, 1973.9999999999843, 2345.9999999999764, 2909.9999999999645, 1955.9999999999848, 3005.9999999999627, 3005.9999999999627, 3005.9999999999627]}