{"vals": [true, false, false, false, false, false, false, false, false, false, false, true, true, true, true, true, true, false, false, true, true, false, false, false, false, false, false, false, false, false, false, false, false, true, true, false, false, false, true, true, true, true, true, false, false, false, false, false, false, false, true, true, true, true, true, true, true, false, false, false, false, false, true, true, true, false, false, true, false, false, false, false, false, false, false, false, false, false, true, false, false, true, true, false, false, false, false, false, true, true, true, true, true, true, true, true, true, true, true, true], "bounces": [0, 0, 0, 0, 0, 0, 0, 1, 1, 1, 1, 1, 1, 1, 1, 2, 2, 2, 3, 3, 4, 5, 5, 5, 5, 5, 5, 6, 6, 6, 6, 6, 5, 5, 4, 4, 4, 3, 3, 3, 3, 2, 2, 2, 2, 2, 1, 1, 1, 1, 1, 1, 1, 1, 2, 2, 2, 2, 2, 3, 3, 3, 3, 4, 4, 4, 5, 5, 6, 6, 6, 6, 6, 5, 5, 5, 5, 5, 5, 4, 3, 3, 2, 2, 2, 1, 1, 1, 1, 1, 1, 1, 1, 0, 0, 0, 0, 0, 0, 0], "dists": [672.0000000000005, 672.0000000000005, 678.0000000000005, 684.0000000000005, 696.0000000000005, 708.0000000000005, 726.0000000000005, 744.0000000000006, 768.0000000000006, 798.0000000000006, 834.0000000000006, 876.0000000000007, 930.0000000000007, 990.0000000000008, 1068.000000000001, 1158.000000000001, 1271.9999999999993, 1421.9999999999961, 1613.999999999992, 1877.9999999999864, 2261.999999999978, 2843.999999999966, 3005.9999999999627, 3005.9999999999627, 3005.9999999999627, 3005.9999999999627, 3005.9999999999627, 3005.9999999999627, 3005.9999999999627, 3005.9999999999627, 3005.9999999999627, 3005.9999999999627, 2783.9999999999673, 2471.999999999974, 2231.9999999999786, 2045.9999999999827, 1889.9999999999861, 1763.9999999999889, 1655.9999999999911, 1577.9999999999927, 1499.9999999999943, 1445.9999999999955, 1391.9999999999968, 1343.9999999999977, 1313.9999999999984, 1289.9999999999989, 1265.9999999999993, 1259.9999999999995, 1242.0, 1236.0, 1236.0, 1242.0, 1259.9999999999995, 1265.9999999999993, 1289.9999999999989, 1313.9999999999984, 1343.9999999999977, 1391.9999999999968, 1445.9999999999955, 1499.9999999999943, 1577.9999999999927, 1655.9999999999911, 1763.9999999999889, 1889.9999999999861, 2045.9999999999827, 2231.9999999999786, 2471.999999999974, 2783.9999999999673, 3005.9999999999627, 3005.9999999999627, 3005.9999999999627, 3005.9999999999627, 3005.9999999999627, 3005.9999999999627, 3005.9999999999627, 3005.9999999999627, 3005.9999999999627, 3005.9999999999627, 2843.999999999966, 2261.999999999978, 1877.9999999999864, 1613.999999999992, 1421.9999999999961, 1271.9999999999993, 1158.000000000001, 1068.000000000001, 990.0000000000008, 930.0000000000007, 876.0000000000007, 834.0000000000006, 798.0000000000006, 768.0000000000006, 744.0000000000006, 726.0000000000005, 708.0000000000005, 696.0000000000005, 684.0000000000005, 678.0000000000005, 672.0000000000005, 672.0000000000005]}