{"vals": [false, false, false, false, false, false, false, false, false, false, false, true, false, false, false, false, false, false, false, false, false, false, false, false, false, false, false, false, false, false, false, false, false, false, false, false, false, false, false, false, true, false, false, false, false, false, false, false, false, false, false, false, false, false, false, false, false, false, false, false, false, false, false, false, false, false, false, false, false, false, false, false, false, false, false, false, false, false, false, false, false, false, false, false, false, false, false, false, false, false, true, false, false, false, false, false, false, false, false, false], "bounces": [0, 0, 2, 1, 0, 0, 0, 0, 1, 1, 3, 3, 3, 3, 2, 4, 2, 1, 1, 1, 1, 1, 1, 1, 1, 1, 1, 1, 2, 2, 2, 2, 2, 2, 2, 2, 2, 2, 3, 3, 4, 4, 3, 2, 2, 6, 4, 2, 4, 1, 5, 3, 3, 1, 1, 4, 3, 2, 2, 1, 1, 1, 1, 1, 1, 1, 1, 1, 1, 1, 1, 0, 0, 0, 0, 0, 0, 0, 0, 0, 0, 0, 0, 0, 0, 0, 1, 1, 1, 2, 2, 2, 2, 0, 0, 0, 2, 3, 3, 0], "dists": [876.0000000000007, 876.0000000000007, 1811.9999999999877, 696.0000000000005, 780.0000000000006, 630.0000000000005, 528.0000000000003, 456.0000000000003, 942.0000000000007, 846.0000000000006, 1218.0000000000005, 1140.000000000001, 1206.0000000000007, 990.0000000000008, 936.0000000000007, 1757.9999999999889, 528.0000000000003, 528.0000000000003, 516.0000000000003, 492.0000000000003, 486.0000000000003, 480.0000000000003, 474.0000000000003, 468.0000000000003, 468.0000000000003, 468.0000000000003, 468.0000000000003, 474.0000000000003, 474.0000000000003, 480.0000000000003, 486.0000000000003, 498.0000000000003, 522.0000000000003, 534.0000000000003, 564.0000000000003, 582.0000000000003, 618.0000000000005, 642.0000000000005, 690.0000000000005, 948.0000000000007, 1259.9999999999995, 1403.9999999999964, 1122.000000000001, 1134.000000000001, 1110.000000000001, 2351.9999999999764, 2069.9999999999823, 888.0000000000007, 1907.9999999999857, 1044.0000000000007, 3005.9999999999627, 2483.9999999999736, 1242.0, 1062.000000000001, 1080.000000000001, 2213.999999999979, 1523.9999999999939, 876.0000000000007, 672.0000000000005, 612.0000000000005, 564.0000000000003, 522.0000000000003, 486.0000000000003, 462.0000000000003, 438.0000000000002, 420.0000000000002, 402.0000000000002, 390.0000000000002, 378.0000000000002, 366.00000000000017, 360.00000000000017, 354.00000000000017, 354.00000000000017, 348.00000000000017, 348.00000000000017, 348.00000000000017, 348.00000000000017, 354.00000000000017, 360.00000000000017, 366.00000000000017, 372.00000000000017, 384.0000000000002, 396.0000000000002, 408.0000000000002, 426.0000000000002, 450.0000000000003, 474.0000000000003, 546.0000000000003, 834.0000000000006, 1086.000000000001, 1038.0000000000007, 1253.9999999999995, 1415.9999999999961, 930.0000000000007, 918.0000000000007, 900.0000000000007, 1823.9999999999875, 2093.999999999982, 2351.9999999999764, 876.0000000000007]}