{"vals": [false, false, true, false, false, true, false, false, true, true, true, true, false, false, false, false, false, true, false, true, true, false, false, false, false, false, false, false, false, false, false, true, false, false, true, true, true, true, true, false, false, false, false, true, true, false, false, false, false, false, false, false, false, false, false, true, true, false, false, false, false, true, true, true, true, true, false, false, true, false, false, false, false, false, false, false, false, false, false, true, true, false, true, false, false, false, false, false, true, true, true, true, false, false, true, false, false, true, false, false], "bounces": [18, 18, 11, 13, 6, 5, 4, 4, 3, 3, 5, 4, 2, 3, 4, 8, 16, 11, 11, 4, 6, 8, 12, 7, 6, 5, 6, 8, 12, 12, 4, 9, 7, 14, 7, 6, 4, 2, 2, 5, 3, 3, 4, 4, 5, 6, 9, 9, 15, 18, 18, 15, 9, 9, 6, 5, 4, 4, 3, 3, 5, 2, 2, 4, 6, 7, 14, 7, 9, 4, 12, 12, 8, 6, 5, 6, 7, 12, 8, 6, 4, 11, 11, 16, 8, 4, 3, 2, 4, 5, 3, 3, 4, 4, 5, 6, 13, 11, 18, 18], "dists": [3005.9999999999627, 3005.9999999999627, 2195.9999999999795, 2543.9999999999723, 1325.9999999999982, 1194.000000000001, 1050.000000000001, 1062.000000000001, 924.0000000000007, 948.0000000000007, 996.0000000000008, 1026.0000000000007, 882.0000000000007, 792.0000000000006, 1014.0000000000008, 1895.999999999986, 3005.9999999999627, 1661.999999999991, 2459.999999999974, 1319.9999999999982, 1583.9999999999927, 1823.9999999999875, 3005.9999999999627, 3005.9999999999627, 3005.9999999999627, 3005.9999999999627, 3005.9999999999627, 3005.9999999999627, 2753.999999999968, 3005.9999999999627, 1439.9999999999957, 2477.9999999999736, 1793.9999999999882, 3005.9999999999627, 1751.999999999989, 906.0000000000007, 972.0000000000007, 912.0000000000007, 852.0000000000006, 1008.0000000000008, 984.0000000000008, 936.0000000000007, 924.0000000000007, 1056.000000000001, 1116.000000000001, 1230.0000000000002, 1601.9999999999923, 1823.9999999999875, 3005.9999999999627, 3005.9999999999627, 3005.9999999999627, 3005.9999999999627, 1823.9999999999875, 1601.9999999999923, 1230.0000000000002, 1116.000000000001, 1056.000000000001, 924.0000000000007, 936.0000000000007, 984.0000000000008, 1008.0000000000008, 852.0000000000006, 912.0000000000007, 972.0000000000007, 906.0000000000007, 1751.999999999989, 3005.9999999999627, 1793.9999999999882, 2477.9999999999736, 1439.9999999999957, 3005.9999999999627, 2753.999999999968, 3005.9999999999627, 3005.9999999999627, 3005.9999999999627, 3005.9999999999627, 3005.9999999999627, 3005.9999999999627, 1823.9999999999875, 1583.9999999999927, 1319.9999999999982, 2459.999999999974, 1661.999999999991, 3005.9999999999627, 1895.999999999986, 1014.0000000000008, 792.0000000000006, 882.0000000000007, 1026.0000000000007, 996.0000000000008, 948.0000000000007, 924.0000000000007, 1062.000000000001, 1050.000000000001, 1194.000000000001, 1325.9999999999982, 2543.9999999999723, 2195.9999999999795, 3005.9999999999627, 3005.9999999999627]}