{"vals": [true, true, true, true, true, true, true, true, true, true, true, true, true, true, true, true, true, true, true, true, true, true, true, true, true, true, true, true, true, true, true, true, true, true, true, true, true, true, true, true, true, true, true, true, true, true, true, true, true, true, true, true, true, true, true, true, true, true, true, true, true, true, true, true, true, true, true, true, true, false, false, false, false, false, false, false, false, false, false, false, false, false, false, false, false, false, false, false, false, false, false, false, false, false, false, false, true, true, true, true], "bounces": [0, 0, 0, 0, 0, 0, 0, 0, 0, 0, 0, 0, 0, 0, 0, 0, 0, 0, 0, 0, 0, 0, 0, 0, 0, 0, 0, 0, 0, 0, 0, 0, 0, 0, 0, 0, 0, 0, 0, 0, 0, 0, 0, 0, 0, 0, 0, 0, 0, 0, 0, 0, 0, 0, 0, 0, 0, 0, 0, 0, 0, 0, 0, 0, 0, 0, 0, 0, 0, 0, 0, 0, 0, 0, 0, 0, 0, 0, 0, 0, 0, 0, 0, 0, 0, 0, 0, 0, 0, 0, 0, 0, 0, 0, 0, 0, 0, 0, 0, 0], "dists": [876.0000000000007, 876.0000000000007, 558.0000000000003, 372.00000000000017, 282.00000000000017, 228.0000000000001, 192.00000000000006, 168.00000000000006, 144.00000000000006, 132.00000000000003, 120.00000000000003, 114.00000000000001, 102.00000000000001, 96.0, 96.0, 90.0, 83.99999999999999, 83.99999999999999, 77.99999999999999, 77.99999999999999, 77.99999999999999, 77.99999999999999, 71.99999999999999, 71.99999999999999, 71.99999999999999, 71.99999999999999, 71.99999999999999, 71.99999999999999, 71.99999999999999, 77.99999999999999, 77.99999999999999, 77.99999999999999, 83.99999999999999, 83.99999999999999, 90.0, 90.0, 96.0, 102.00000000000001, 96.0, 90.0, 90.0, 83.99999999999999, 83.99999999999999, 77.99999999999999, 77.99999999999999, 77.99999999999999, 71.99999999999999, 71.99999999999999, 71.99999999999999, 71.99999999999999, 71.99999999999999, 71.99999999999999, 71.99999999999999, 71.99999999999999, 77.99999999999999, 77.99999999999999, 77.99999999999999, 83.99999999999999, 83.99999999999999, 90.0, 90.0, 96.0, 102.00000000000001, 108.00000000000001, 120.00000000000003, 132.00000000000003, 144.00000000000006, 162.00000000000006, 186.00000000000006, 216.00000000000009, 264.0000000000001, 342.00000000000017, 480.0000000000003, 474.0000000000003, 474.0000000000003, 474.0000000000003, 474.0000000000003, 480.0000000000003, 486.0000000000003, 498.0000000000003, 504.00000000000034, 522.0000000000003, 534.0000000000003, 558.0000000000003, 582.0000000000003, 606.0000000000005, 642.0000000000005, 684.0000000000005, 732.0000000000006, 798.0000000000006, 870.0000000000007, 972.0000000000007, 966.0000000000007, 942.0000000000007, 918.0000000000007, 900.0000000000007, 888.0000000000007, 882.0000000000007, 876.0000000000007, 876.0000000000007]}