{"vals": [false, false, false, false, false, false, false, false, false, false, true, true, true, false, false, false, true, true, false, false, false, false, false, false, false, false, false, false, false, false, false, false, false, true, false, false, true, false, false, false, false, true, true, true, true, false, false, false, false, false, false, false, false, false, true, true, false, false, false, false, true, true, true, false, false, true, false, false, false, false, false, false, false, false, false, false, false, false, false, false, true, false, false, false, true, false, false, false, false, false, false, true, true, true, true, false, false, false, false, false], "bounces": [0, 0, 1, 1, 1, 1, 3, 6, 9, 3, 2, 2, 2, 2, 1, 5, 8, 4, 4, 3, 6, 5, 7, 11, 12, 12, 13, 13, 12, 10, 9, 6, 7, 7, 4, 5, 5, 6, 6, 4, 4, 3, 3, 5, 9, 7, 2, 2, 2, 1, 1, 8, 4, 5, 3, 7, 3, 3, 3, 5, 6, 4, 4, 4, 5, 6, 6, 5, 8, 7, 9, 11, 13, 13, 12, 12, 10, 6, 4, 4, 5, 2, 3, 3, 3, 5, 4, 2, 2, 2, 8, 1, 1, 2, 4, 4, 3, 5, 1, 0], "dists": [822.0000000000006, 822.0000000000006, 828.0000000000006, 840.0000000000006, 852.0000000000006, 864.0000000000007, 888.0000000000007, 2219.999999999979, 3005.9999999999627, 1008.0000000000008, 1074.000000000001, 984.0000000000008, 924.0000000000007, 870.0000000000007, 822.0000000000006, 1349.9999999999975, 2621.999999999971, 1289.9999999999989, 1242.0, 1212.0000000000005, 1673.9999999999907, 1661.999999999991, 2159.9999999999804, 3005.9999999999627, 3005.9999999999627, 3005.9999999999627, 3005.9999999999627, 3005.9999999999627, 3005.9999999999627, 2675.9999999999695, 2261.999999999978, 1745.999999999989, 1787.9999999999882, 1865.9999999999866, 1355.9999999999975, 1409.9999999999964, 1487.9999999999948, 1511.999999999994, 1463.9999999999952, 1379.999999999997, 1319.9999999999982, 1230.0000000000002, 1385.9999999999968, 1583.9999999999927, 2807.999999999967, 2471.999999999974, 1122.000000000001, 1098.000000000001, 1092.000000000001, 1086.000000000001, 1086.000000000001, 3005.9999999999627, 2237.9999999999786, 2135.999999999981, 1673.9999999999907, 2783.9999999999673, 1188.000000000001, 1224.0000000000002, 1271.9999999999993, 1319.9999999999982, 1553.9999999999932, 1427.999999999996, 1343.9999999999977, 1271.9999999999993, 1787.9999999999882, 1745.999999999989, 1673.9999999999907, 1607.999999999992, 2093.999999999982, 2081.999999999982, 2507.999999999973, 3005.9999999999627, 3005.9999999999627, 3005.9999999999627, 3005.9999999999627, 3005.9999999999627, 2933.999999999964, 1991.9999999999839, 1493.9999999999945, 1505.9999999999943, 1583.9999999999927, 1062.000000000001, 1098.000000000001, 1134.000000000001, 1182.000000000001, 2219.999999999979, 1212.0000000000005, 1134.000000000001, 1074.000000000001, 1020.0000000000008, 3005.9999999999627, 972.0000000000007, 1098.000000000001, 1265.9999999999993, 1511.999999999994, 2027.9999999999832, 1991.9999999999839, 3005.9999999999627, 822.0000000000006, 822.0000000000006]}