{"vals": [true, true, false, false, false, false, false, false, false, false, false, false, false, false, false, false, true, false, false, false, false, false, false, false, false, false, false, false, false, false, false, true, false, false, false, false, false, false, false, false, false, false, false, false, false, false, false, false, true, true, true, true, false, false, false, false, false, false, false, false, false, false, false, false, false, false, false, false, true, false, false, false, false, false, false, false, false, false, false, false, false, false, false, true, false, false, false, false, false, false, false, false, false, false, false, false, false, false, true, true], "bounces": [1, 9, 7, 1, 2, 2, 3, 3, 4, 4, 7, 34, 4, 5, 6, 7, 16, 8, 10, 9, 7, 7, 6, 6, 5, 5, 5, 7, 8, 11, 8, 18, 5, 6, 5, 4, 4, 3, 2, 2, 2, 1, 1, 1, 7, 4, 3, 7, 1, 0, 0, 1, 7, 3, 4, 7, 1, 1, 1, 2, 2, 2, 3, 4, 4, 5, 6, 5, 18, 8, 11, 8, 7, 5, 5, 5, 6, 6, 7, 7, 9, 10, 8, 16, 7, 6, 5, 4, 34, 7, 4, 4, 3, 3, 2, 2, 1, 7, 9, 1], "dists": [1188.000000000001, 2405.9999999999754, 3005.9999999999627, 1218.0000000000005, 1224.0000000000002, 1253.9999999999995, 1283.999999999999, 1313.9999999999984, 1355.9999999999975, 1409.9999999999964, 2663.99999999997, 3005.9999999999627, 1631.9999999999916, 1745.999999999989, 1877.9999999999864, 2045.9999999999827, 2243.9999999999786, 2513.999999999973, 2849.999999999966, 3005.9999999999627, 3005.9999999999627, 3005.9999999999627, 3005.9999999999627, 3005.9999999999627, 3005.9999999999627, 3005.9999999999627, 3005.9999999999627, 3005.9999999999627, 3005.9999999999627, 2705.999999999969, 2201.9999999999795, 1865.9999999999866, 2027.9999999999832, 1445.9999999999955, 1301.9999999999986, 1194.000000000001, 1104.000000000001, 1032.0000000000007, 972.0000000000007, 918.0000000000007, 876.0000000000007, 840.0000000000006, 816.0000000000006, 786.0000000000006, 2243.9999999999786, 1715.9999999999898, 1703.99999999999, 3005.9999999999627, 726.0000000000005, 726.0000000000005, 726.0000000000005, 726.0000000000005, 3005.9999999999627, 1703.99999999999, 1715.9999999999898, 2243.9999999999786, 786.0000000000006, 816.0000000000006, 840.0000000000006, 876.0000000000007, 918.0000000000007, 972.0000000000007, 1032.0000000000007, 1104.000000000001, 1194.000000000001, 1301.9999999999986, 1445.9999999999955, 2027.9999999999832, 1865.9999999999866, 2201.9999999999795, 2705.999999999969, 3005.9999999999627, 3005.9999999999627, 3005.9999999999627, 3005.9999999999627, 3005.9999999999627, 3005.9999999999627, 3005.9999999999627, 3005.9999999999627, 3005.9999999999627, 3005.9999999999627, 2849.999999999966, 2513.999999999973, 2243.9999999999786, 2045.9999999999827, 1877.9999999999864, 1745.999999999989, 1631.9999999999916, 3005.9999999999627, 2663.99999999997, 1409.9999999999964, 1355.9999999999975, 1313.9999999999984, 1283.999999999999, 1253.9999999999995, 1224.0000000000002, 1218.0000000000005, 3005.9999999999627, 2405.9999999999754, 1188.000000000001]}