{"vals": [false, false, false, false, false, false, false, false, false, false, false, false, false, false, false, false, true, false, false, false, false, false, false, false, false, false, false, false, false, false, false, false, false, false, false, false, false, false, true, false, false, false, false, false, false, false, false, false, false, false, false, false, false, false, false, false, false, false, false, false, false, false, false, false, false, false, false, false, false, false, false, false, false, false, false, false, false, false, false, false, false, true, false, false, false, false, false, true, false, false, false, false, false, false, false, false, false, false, false, false], "bounces": [5, 5, 4, 1, 2, 2, 2, 6, 7, 6, 7, 7, 8, 7, 7, 7, 6, 7, 7, 7, 6, 6, 6, 6, 5, 5, 5, 6, 6, 6, 7, 7, 7, 7, 7, 7, 7, 3, 1, 1, 1, 1, 1, 6, 7, 7, 3, 3, 5, 5, 5, 6, 6, 6, 6, 7, 6, 4, 6, 7, 7, 8, 7, 7, 8, 7, 7, 7, 4, 6, 6, 6, 6, 5, 5, 5, 6, 6, 6, 6, 7, 7, 7, 8, 7, 7, 6, 3, 3, 7, 7, 7, 6, 5, 7, 6, 6, 6, 5, 5], "dists": [3005.9999999999627, 3005.9999999999627, 2501.999999999973, 1259.9999999999995, 1283.999999999999, 1307.9999999999984, 1337.999999999998, 3005.9999999999627, 3005.9999999999627, 2933.999999999964, 3005.9999999999627, 3005.9999999999627, 3005.9999999999627, 3005.9999999999627, 3005.9999999999627, 3005.9999999999627, 2339.9999999999764, 3005.9999999999627, 3005.9999999999627, 3005.9999999999627, 3005.9999999999627, 3005.9999999999627, 3005.9999999999627, 3005.9999999999627, 3005.9999999999627, 3005.9999999999627, 3005.9999999999627, 3005.9999999999627, 3005.9999999999627, 3005.9999999999627, 3005.9999999999627, 3005.9999999999627, 3005.9999999999627, 3005.9999999999627, 3005.9999999999627, 3005.9999999999627, 3005.9999999999627, 960.0000000000007, 900.0000000000007, 858.0000000000007, 816.0000000000006, 786.0000000000006, 756.0000000000006, 3005.9999999999627, 3005.9999999999627, 3005.9999999999627, 1949.9999999999848, 1931.9999999999852, 3005.9999999999627, 3005.9999999999627, 3005.9999999999627, 3005.9999999999627, 3005.9999999999627, 3005.9999999999627, 3005.9999999999627, 3005.9999999999627, 3005.9999999999627, 2135.999999999981, 2225.999999999979, 3005.9999999999627, 3005.9999999999627, 3005.9999999999627, 3005.9999999999627, 3005.9999999999627, 3005.9999999999627, 3005.9999999999627, 3005.9999999999627, 3005.9999999999627, 1415.9999999999961, 3005.9999999999627, 3005.9999999999627, 3005.9999999999627, 3005.9999999999627, 3005.9999999999627, 3005.9999999999627, 3005.9999999999627, 3005.9999999999627, 3005.9999999999627, 3005.9999999999627, 3005.9999999999627, 3005.9999999999627, 2969.999999999963, 3005.9999999999627, 3005.9999999999627, 3005.9999999999627, 3005.9999999999627, 2909.9999999999645, 1709.99999999999, 1607.999999999992, 3005.9999999999627, 3005.9999999999627, 3005.9999999999627, 3005.9999999999627, 2669.9999999999695, 3005.9999999999627, 3005.9999999999627, 3005.9999999999627, 3005.9999999999627, 3005.9999999999627, 3005.9999999999627]}