{"vals": [false, false, false, false, false, false, false, false, false, false, true, false, false, false, true, false, false, false, false, false, false, false, false, false, false, false, false, false, false, false, false, false, false, false, false, false, false, true, true, false, true, false, false, false, false, false, false, false, false, false, false, false, false, false, false, false, false, false, false, false, false, false, false, false, true, true, false, false, false, false, false, false, false, false, false, false, false, false, false, false, false, false, false, false, false, false, true, false, true, false, false, false, false, false, false, false, false, false, false, false], "bounces": [5, 6, 5, 6, 6, 7, 7, 9, 8, 6, 6, 10, 10, 10, 10, 12, 9, 11, 11, 9, 10, 10, 10, 10, 10, 9, 9, 9, 9, 8, 11, 8, 12, 11, 9, 10, 9, 7, 5, 5, 7, 8, 8, 8, 7, 7, 7, 5, 5, 4, 4, 5, 6, 4, 2, 8, 8, 7, 8, 8, 9, 9, 8, 8, 8, 10, 9, 12, 10, 9, 9, 9, 10, 10, 10, 11, 11, 10, 10, 10, 9, 11, 11, 12, 10, 11, 9, 9, 7, 10, 8, 9, 8, 8, 8, 6, 5, 8, 6, 5], "dists": [3005.9999999999627, 3005.9999999999627, 3005.9999999999627, 3005.9999999999627, 3005.9999999999627, 3005.9999999999627, 3005.9999999999627, 3005.9999999999627, 2429.999999999975, 2135.999999999981, 2237.9999999999786, 3005.9999999999627, 3005.9999999999627, 3005.9999999999627, 2855.999999999966, 3005.9999999999627, 3005.9999999999627, 3005.9999999999627, 3005.9999999999627, 3005.9999999999627, 3005.9999999999627, 3005.9999999999627, 3005.9999999999627, 3005.9999999999627, 3005.9999999999627, 3005.9999999999627, 3005.9999999999627, 3005.9999999999627, 3005.9999999999627, 3005.9999999999627, 3005.9999999999627, 3005.9999999999627, 3005.9999999999627, 3005.9999999999627, 3005.9999999999627, 3005.9999999999627, 2345.9999999999764, 2183.99999999998, 2057.9999999999827, 1949.9999999999848, 2261.999999999978, 3005.9999999999627, 3005.9999999999627, 3005.9999999999627, 3005.9999999999627, 3005.9999999999627, 3005.9999999999627, 3005.9999999999627, 3005.9999999999627, 3005.9999999999627, 3005.9999999999627, 3005.9999999999627, 3005.9999999999627, 1931.9999999999852, 1601.9999999999923, 3005.9999999999627, 3005.9999999999627, 3005.9999999999627, 3005.9999999999627, 3005.9999999999627, 3005.9999999999627, 3005.9999999999627, 3005.9999999999627, 2345.9999999999764, 2531.9999999999727, 2771.9999999999677, 3005.9999999999627, 3005.9999999999627, 3005.9999999999627, 3005.9999999999627, 3005.9999999999627, 3005.9999999999627, 3005.9999999999627, 3005.9999999999627, 3005.9999999999627, 3005.9999999999627, 3005.9999999999627, 3005.9999999999627, 3005.9999999999627, 3005.9999999999627, 3005.9999999999627, 3005.9999999999627, 3005.9999999999627, 3005.9999999999627, 3005.9999999999627, 3005.9999999999627, 2645.9999999999704, 2483.9999999999736, 2357.999999999976, 3005.9999999999627, 3005.9999999999627, 3005.9999999999627, 3005.9999999999627, 3005.9999999999627, 3005.9999999999627, 3005.9999999999627, 2177.99999999998, 3005.9999999999627, 3005.9999999999627, 3005.9999999999627]}