{"vals": [false, false, false, false, false, false, false, true, true, false, true, true, false, false, false, false, false, false, true, false, false, false, false, false, false, false, false, false, false, false, false, false, false, false, false, false, false, false, false, true, false, true, false, true, false, false, false, false, false, false, false, true, false, false, false, false, false, true, false, true, true, false, false, false, false, false, false, false, false, false, false, false, false, false, false, false, false, true, false, false, false, false, false, false, false, false, false, false, false, true, true, true, false, true, false, false, false, false, false, false], "bounces": [3, 4, 5, 6, 4, 4, 2, 2, 2, 4, 4, 4, 4, 4, 4, 3, 6, 5, 7, 7, 9, 11, 15, 18, 18, 18, 19, 19, 19, 18, 14, 12, 12, 10, 8, 9, 6, 7, 7, 7, 5, 5, 5, 7, 9, 4, 5, 12, 5, 4, 4, 5, 6, 7, 6, 5, 4, 4, 6, 6, 6, 6, 8, 8, 7, 10, 9, 11, 13, 15, 19, 19, 19, 19, 18, 18, 18, 14, 11, 8, 6, 6, 8, 4, 5, 5, 5, 3, 3, 3, 3, 3, 3, 5, 9, 7, 2, 4, 4, 3], "dists": [3005.9999999999627, 3005.9999999999627, 3005.9999999999627, 3005.9999999999627, 2519.9999999999727, 2027.9999999999832, 1697.9999999999902, 1481.9999999999948, 1307.9999999999984, 1769.9999999999886, 1625.9999999999918, 1487.9999999999948, 1403.9999999999964, 1325.9999999999982, 1253.9999999999995, 1194.000000000001, 1517.999999999994, 1493.9999999999945, 1769.9999999999886, 1763.9999999999889, 2009.9999999999836, 2333.999999999977, 2999.9999999999627, 3005.9999999999627, 3005.9999999999627, 3005.9999999999627, 3005.9999999999627, 3005.9999999999627, 3005.9999999999627, 3005.9999999999627, 2837.9999999999663, 2489.9999999999736, 2507.999999999973, 2273.9999999999777, 1955.9999999999848, 2021.9999999999832, 1703.99999999999, 1799.999999999988, 1907.9999999999857, 2081.999999999982, 1697.9999999999902, 1853.9999999999868, 2105.9999999999814, 2399.9999999999754, 3005.9999999999627, 2249.9999999999786, 2867.9999999999654, 3005.9999999999627, 3005.9999999999627, 3005.9999999999627, 3005.9999999999627, 2531.9999999999727, 3005.9999999999627, 3005.9999999999627, 2825.9999999999663, 2315.999999999977, 1991.9999999999839, 1745.999999999989, 2165.99999999998, 1985.999999999984, 1817.9999999999877, 1667.999999999991, 2027.9999999999832, 1919.9999999999854, 1817.9999999999877, 2153.9999999999804, 2081.999999999982, 2327.999999999977, 2669.9999999999695, 3005.9999999999627, 3005.9999999999627, 3005.9999999999627, 3005.9999999999627, 3005.9999999999627, 3005.9999999999627, 3005.9999999999627, 3005.9999999999627, 2831.9999999999663, 2195.9999999999795, 1841.999999999987, 1583.9999999999927, 1601.9999999999923, 3005.9999999999627, 1325.9999999999982, 1397.9999999999966, 1469.999999999995, 1553.9999999999932, 1164.000000000001, 1236.0, 1349.9999999999975, 1469.999999999995, 1643.9999999999914, 1853.9999999999868, 2129.999999999981, 3005.9999999999627, 3005.9999999999627, 2483.9999999999736, 3005.9999999999627, 3005.9999999999627, 3005.9999999999627]}