{"vals": [false, false, false, true, false, false, false, true, false, false, false, false, false, false, false, true, true, false, false, true, false, false, false, false, false, false, false, true, true, false, false, true, true, true, true, true, false, false, false, false, false, false, false, false, false, true, false, true, false, false, false, false, false, false, false, false, true, false, false, false, false, false, false, false, false, false, false, true, true, true, false, false, true, false, false, false, false, false, false, false, true, false, true, true, false, false, false, false, false, true, false, false, false, false, false, false, false, false, false, false], "bounces": [3, 3, 4, 5, 5, 5, 5, 2, 6, 6, 7, 7, 7, 7, 7, 4, 3, 8, 8, 5, 8, 7, 8, 8, 7, 7, 4, 2, 2, 8, 0, 0, 0, 0, 0, 1, 7, 3, 7, 6, 6, 5, 6, 6, 5, 2, 4, 5, 3, 3, 4, 4, 4, 5, 5, 6, 3, 7, 6, 6, 7, 7, 7, 4, 8, 8, 8, 2, 1, 1, 1, 8, 3, 7, 8, 7, 8, 8, 8, 8, 7, 9, 4, 5, 8, 8, 8, 7, 8, 2, 3, 7, 6, 6, 6, 5, 5, 4, 4, 3], "dists": [3005.9999999999627, 3005.9999999999627, 3005.9999999999627, 2315.999999999977, 3005.9999999999627, 3005.9999999999627, 2627.9999999999704, 1044.0000000000007, 3005.9999999999627, 3005.9999999999627, 3005.9999999999627, 3005.9999999999627, 3005.9999999999627, 3005.9999999999627, 3005.9999999999627, 1601.9999999999923, 1529.9999999999939, 3005.9999999999627, 3005.9999999999627, 2279.9999999999777, 3005.9999999999627, 3005.9999999999627, 3005.9999999999627, 3005.9999999999627, 3005.9999999999627, 3005.9999999999627, 2153.9999999999804, 1319.9999999999982, 1337.999999999998, 3005.9999999999627, 498.0000000000003, 510.00000000000034, 528.0000000000003, 546.0000000000003, 570.0000000000003, 594.0000000000003, 3005.9999999999627, 1823.9999999999875, 3005.9999999999627, 3005.9999999999627, 3005.9999999999627, 3005.9999999999627, 3005.9999999999627, 3005.9999999999627, 3005.9999999999627, 1673.9999999999907, 3005.9999999999627, 2651.99999999997, 3005.9999999999627, 3005.9999999999627, 3005.9999999999627, 3005.9999999999627, 3005.9999999999627, 3005.9999999999627, 3005.9999999999627, 3005.9999999999627, 1583.9999999999927, 3005.9999999999627, 3005.9999999999627, 3005.9999999999627, 3005.9999999999627, 3005.9999999999627, 3005.9999999999627, 1931.9999999999852, 3005.9999999999627, 3005.9999999999627, 3005.9999999999627, 708.0000000000005, 690.0000000000005, 678.0000000000005, 660.0000000000005, 3005.9999999999627, 1487.9999999999948, 2885.999999999965, 3005.9999999999627, 3005.9999999999627, 3005.9999999999627, 3005.9999999999627, 3005.9999999999627, 3005.9999999999627, 2459.999999999974, 3005.9999999999627, 1673.9999999999907, 1721.9999999999898, 3005.9999999999627, 2939.999999999964, 3005.9999999999627, 3005.9999999999627, 3005.9999999999627, 1074.000000000001, 1170.000000000001, 3005.9999999999627, 3005.9999999999627, 3005.9999999999627, 3005.9999999999627, 3005.9999999999627, 3005.9999999999627, 3005.9999999999627, 3005.9999999999627, 3005.9999999999627]}