{"vals": [false, false, false, false, false, false, false, false, false, false, false, true, true, true, true, true, true, true, true, true, true, true, true, true, true, true, true, true, true, true, false, false, false, false, false, false, false, false, false, false, false, false, false, false, false, false, false, false, false, false, false, false, false, false, false, false, false, false, false, false, false, false, false, false, false, false, false, false, false, false, true, true, true, true, true, true, true, true, true, true, true, true, true, true, true, true, true, true, true, true, false, false, false, false, false, false, false, false, false, false], "bounces": [0, 1, 1, 1, 1, 1, 1, 1, 1, 1, 1, 1, 1, 1, 1, 1, 1, 1, 1, 1, 1, 1, 1, 1, 1, 1, 1, 1, 1, 1, 1, 1, 1, 1, 1, 1, 1, 1, 1, 1, 1, 1, 1, 1, 1, 1, 1, 0, 0, 0, 0, 0, 0, 0, 0, 0, 0, 0, 0, 0, 0, 0, 0, 0, 0, 0, 0, 0, 0, 0, 0, 0, 0, 0, 0, 0, 0, 0, 0, 0, 0, 0, 0, 0, 0, 0, 0, 0, 0, 0, 0, 0, 0, 0, 0, 0, 0, 0, 0, 0], "dists": [774.0000000000006, 774.0000000000006, 780.0000000000006, 786.0000000000006, 798.0000000000006, 816.0000000000006, 834.0000000000006, 858.0000000000007, 882.0000000000007, 918.0000000000007, 960.0000000000007, 906.0000000000007, 852.0000000000006, 792.0000000000006, 756.0000000000006, 726.0000000000005, 684.0000000000005, 666.0000000000005, 648.0000000000005, 630.0000000000005, 618.0000000000005, 612.0000000000005, 600.0000000000005, 600.0000000000005, 594.0000000000003, 594.0000000000003, 594.0000000000003, 600.0000000000005, 606.0000000000005, 612.0000000000005, 522.0000000000003, 444.0000000000003, 384.0000000000002, 342.00000000000017, 312.00000000000017, 282.00000000000017, 264.0000000000001, 246.0000000000001, 234.0000000000001, 222.00000000000009, 210.00000000000009, 204.00000000000009, 192.00000000000006, 186.00000000000006, 186.00000000000006, 180.00000000000006, 180.00000000000006, 174.00000000000006, 174.00000000000006, 174.00000000000006, 174.00000000000006, 174.00000000000006, 174.00000000000006, 180.00000000000006, 180.00000000000006, 186.00000000000006, 186.00000000000006, 192.00000000000006, 204.00000000000009, 210.00000000000009, 222.00000000000009, 234.0000000000001, 246.0000000000001, 264.0000000000001, 282.00000000000017, 312.00000000000017, 342.00000000000017, 384.0000000000002, 444.0000000000003, 522.0000000000003, 540.0000000000003, 534.0000000000003, 528.0000000000003, 522.0000000000003, 522.0000000000003, 522.0000000000003, 528.0000000000003, 534.0000000000003, 540.0000000000003, 546.0000000000003, 558.0000000000003, 576.0000000000003, 594.0000000000003, 612.0000000000005, 642.0000000000005, 672.0000000000005, 708.0000000000005, 756.0000000000006, 810.0000000000006, 882.0000000000007, 918.0000000000007, 882.0000000000007, 858.0000000000007, 834.0000000000006, 816.0000000000006, 798.0000000000006, 786.0000000000006, 780.0000000000006, 774.0000000000006, 774.0000000000006]}